<?xml version="1.0" encoding="UTF-8"?>
<SymbolBox version="1.0">
	<Category name="IO Symbols">
  	<CategoryEntry name="Digital Input" template="{AA5E44BA-F4AB-472d-8660-A202EBEC7429}" default_width="60" default_height="20"/>
  	<CategoryEntry name="Analogue Input" template="{5EA1C982-9596-474d-9E3E-54BD688A831D}" default_width="60" default_height="20"/>
  	<CategoryEntry name="Digital Output" template="{82EE54FD-E976-419d-B462-7CE75B6C4F42}" default_width="60" default_height="20"/>
  	<CategoryEntry name="Analogue Output" template="{79E72BBF-1DEF-4094-9F24-381F7BFDE8AC}" default_width="60" default_height="20"/>
  </Category>
  <Category name="Logic Gates">
  	<CategoryEntry name="And Gate" template="{2A812D5F-73DB-45f9-9943-7DED553A049A}" default_width="40" default_height="60"/>
	  <CategoryEntry name="Or Gate" template="{6AAFE337-C91F-4b5b-911A-E6A8BB324F33}" default_width="40" default_height="60"/>
	  <CategoryEntry name="Not Gate" template="{D5427226-66B0-4449-807A-2E5C677C4767}" default_width="46" default_height="60"/>	  
	  <CategoryEntry name="Xor Gate" template="{7C3B08D9-DD2F-4906-B92C-B5E24C49971B}" default_width="40" default_height="60"/>	  
  </Category>
  <Category name="Logic Triggers">
  	<CategoryEntry name="RS Trigger" template="{4E3FB18D-44E0-41a5-801E-DBDE05C33B50}" default_width="40" default_height="60"/>	
  	<CategoryEntry name="TON Trigger" template="{559FCB0B-C13F-46a6-95B9-40661A9A63D2}" default_width="40" default_height="60"/>	 
  	<CategoryEntry name="TOFF Trigger" template="{48DB0C91-0091-46d7-A546-2350EE6FCC0B}" default_width="40" default_height="60"/>  	
  	<CategoryEntry name="MONO Trigger" template="{D7B4696F-CB9E-444c-BD20-E211981A9B6D}" default_width="40" default_height="60"/>  
  	<CategoryEntry name="DWELL Trigger" template="{0CE03EF2-A1CD-4a25-83AC-C5A639C74C1B}" default_width="40" default_height="60"/>    	
  </Category>
  <Category name="Mathematical Operators">
  	<CategoryEntry name="Plus" template="{73FE006F-03FF-4a81-B7D1-584017A792FA}" default_width="40" default_height="60"/>
  	<CategoryEntry name="Subtrac" template="{3947D56E-A76E-4ab3-B3B2-F25630EF79D0}" default_width="40" default_height="60"/>
  	<CategoryEntry name="Multiply" template="{3A6699D6-ACA5-44b9-BD8E-69B7FB05A6C1}" default_width="40" default_height="60"/>
  	<CategoryEntry name="Divide" template="{5A326E15-F978-46ae-B9D3-6EBA02177519}" default_width="40" default_height="60"/>
  	<CategoryEntry name="Mod" template="{E1071A84-6EBD-40ac-AF43-731C3CA6AFFE}" default_width="40" default_height="60"/>
  	<CategoryEntry name="Bit And" template="{40242C60-8296-45c3-B3EB-E40BCE812FAE}" default_width="40" default_height="60"/>  	
  	<CategoryEntry name="Bit Or" template="{4CE34B4D-BB71-431b-A50A-778468AF4A40}" default_width="40" default_height="60"/>  	
  	<CategoryEntry name="Bit XOr" template="{DBF3CB42-5E97-4207-A6D9-BCF18E7F2928}" default_width="40" default_height="60"/>
  </Category>
  <Category name="Mathematical Functions">	
  	<CategoryEntry name="Max" template="{079D156D-CDBD-4efb-8E3A-E82717BE1267}" default_width="40" default_height="60"/>
  	<CategoryEntry name="Min" template="{7BE87987-EAC0-4334-9B47-68E87391D9D6}" default_width="40" default_height="60"/>  	
  	<CategoryEntry name="Voltage Convert" template="{1E9D8D1C-6ECB-4dc2-B840-28056577E8E9}" default_width="40" default_height="60"/>
  	<CategoryEntry name="Current Convert" template="{5D38C6C2-A666-49b1-921B-F832B79806EF}" default_width="40" default_height="60"/>
  </Category>
  <Category name="Comparison Operators">
  	<CategoryEntry name="Greater" template="{7BBBF1C3-ECFD-416f-837D-A504F63878E5}" default_width="40" default_height="60"/>
  	<CategoryEntry name="Less" template="{E936B2C4-1F0E-4850-B05B-E58DA830B0EB}" default_width="40" default_height="60"/>
  	<CategoryEntry name="Equal" template="{93338FA1-AA8D-4289-A7AB-D5B1EA04C9A6}" default_width="40" default_height="60"/>
  	<CategoryEntry name="Not Equal" template="{0E2BC0E6-66CE-4e78-82ED-12101BE0195E}" default_width="40" default_height="60"/>
  	<CategoryEntry name="Greater or Equal" template="{F99CD5CA-E391-4e96-94B5-8D58CE4A7CAC}" default_width="40" default_height="60"/>
  	<CategoryEntry name="Less or Equal" template="{378D4444-E8BB-491b-857F-E8F2140A3A7D}" default_width="40" default_height="60"/>  	
  </Category>
  <Category name="Condition Operators">
  	<CategoryEntry name="If Else" template="{9AAEC6D8-B528-40bc-A3DF-936ED4BC15AF}" default_width="40" default_height="60"/>  	
  </Category>  
</SymbolBox>
