<?xml version="1.0" encoding="UTF-8"?>
<Rule version="1.0">
	<Business name="保护业务" common="false" ldInst="PROT,RCD">
		<AppData name="保护事件" type="Point" dataset="dsTripInfo"/>
		<AppData name="保护遥信" type="Point" dataset="dsRelayDin"/>
		<AppData name="保护压板" type="Point" dataset="dsRelayEna"/>
		<AppData name="保护录波" type="Point" dataset="dsRelayRec"/>
		<AppData name="保护遥测" type="Point" dataset="dsRelayAin"/>
		<AppData name="故障信号" type="Point" dataset="dsAlarm"/>
		<AppData name="告警信号" type="Point" dataset="dsWarning"/>
		<AppData name="通信工况" type="Point" dataset="dsCommState"/>
		<AppData name="装置参数" type="Point" dataset="dsParameter"/>
		<AppData name="保护定值" type="Point" dataset="dsSetting"/>
		<AppData name="日志记录" type="Point" dataset="dsLog"/>
		<AppData name="GOOSE输出" type="Point" dataset="dsGOOSE"/>
		<AppData name="采样输出" type="Point" dataset="dsSV"/>
		<AppData name="虚回路" type="VLink"/>
	</Business>
	<Business name="自动化业务" common="false" ldInst="MEAS,CTRL">
		<AppData name="遥测" type="Point" dataset="dsAin"/>
		<AppData name="遥信" type="Point" dataset="dsDin"/>
		<AppData name="遥控" type="Control"/>
		<AppData name="故障信号" type="Point" dataset="dsAlarm"/>
		<AppData name="告警信号" type="Point" dataset="dsWarning"/>
		<AppData name="通信工况" type="Point" dataset="dsCommState"/>
		<AppData name="装置参数" type="Point" dataset="dsParameter"/>
		<AppData name="联锁状态" type="Point" dataset="dsInterLock"/>
		<AppData name="日志记录" type="Point" dataset="dsLog"/>
		<AppData name="GOOSE输出" type="Point" dataset="dsGOOSE"/>
		<AppData name="虚回路" type="VLink"/>
	</Business>	
	<Business name="计量业务" common="false" ldInst="METR">
		<AppData name="遥测" type="Point" dataset="dsAin"/>
		<AppData name="电能" type="dsEnergy"/>
		<AppData name="需量" type="dsDemand"/>
		<AppData name="负荷" type="dsLoad"/>
		<AppData name="故障信号" type="Point" dataset="dsAlarm"/>
		<AppData name="告警信号" type="Point" dataset="dsWarning"/>
		<AppData name="通信工况" type="Point" dataset="dsCommState"/>
		<AppData name="装置参数" type="Point" dataset="dsParameter"/>
		<AppData name="虚回路" type="VLink"/>		
	</Business>
	<Business name="在线监测业务" common="false" ldInst="MONT">
		<AppData name="状态量" type="Point" dataset="dsState"/>
		<AppData name="测量量" type="Point" dataset="dsMeasure"/>
	</Business>
	<Business name="公共业务" common="true">
		<AppData name="保护事件" type="Point" dataset="dsTripInfo"/>
		<AppData name="保护遥信" type="Point" dataset="dsRelayDin"/>
		<AppData name="保护压板" type="Point" dataset="dsRelayEna"/>
		<AppData name="保护录波" type="Point" dataset="dsRelayRec"/>
		<AppData name="保护遥测" type="Point" dataset="dsRelayAin"/>
		<AppData name="遥测" type="Point" dataset="dsAin"/>
		<AppData name="遥信" type="Point" dataset="dsDin"/>
		<AppData name="遥控" type="Control"/>
		<AppData name="联锁状态" type="Point" dataset="dsInterLock"/>
		<AppData name="遥测" type="Point" dataset="dsAin"/>
		<AppData name="电能" type="dsEnergy"/>
		<AppData name="需量" type="dsDemand"/>
		<AppData name="负荷" type="dsLoad"/>
		<AppData name="状态量" type="Point" dataset="dsState"/>
		<AppData name="测量量" type="Point" dataset="dsMeasure"/>
		<AppData name="故障信号" type="Point" dataset="dsAlarm"/>
		<AppData name="告警信号" type="Point" dataset="dsWarning"/>
		<AppData name="通信工况" type="Point" dataset="dsCommState"/>
		<AppData name="装置参数" type="Point" dataset="dsParameter"/>
		<AppData name="保护定值" type="Point" dataset="dsSetting"/>
		<AppData name="日志记录" type="Point" dataset="dsLog"/>
		<AppData name="GOOSE输出" type="Point" dataset="dsGOOSE"/>
		<AppData name="采样输出" type="Point" dataset="dsSV"/>
		<AppData name="虚回路" type="VLink"/>
	</Business>
</Rule>