<?xml version="1.0" encoding="UTF-8"?>
<LogicDef version="1.0">
	<IO>
		<Input appType="io_ainput"/>
		<Input appType="io_dinput"/>
		<Output appType="io_aoutput"/>
		<Output appType="io_doutput"/>
	</IO>	
	<Symbol appType="logic_gate_and">
  	<LogicPar type="terminal_group" id="LIn" connector="&amp;&amp;"/>
  	<LogicExp terminal="Out_0" expression="($LIn$)"/>
  </Symbol>
  <Symbol appType="logic_gate_or">
  	<LogicPar type="terminal_group" id="LIn" connector="||"/>
  	<LogicExp terminal="Out_0" expression="($LIn$)"/>
  </Symbol>
  <Symbol appType="logic_gate_not">  	
  	<LogicPar type="terminal" id="LIn_0"/>
  	<LogicExp terminal="Out_0" expression="(!$LIn_0$)"/>
  </Symbol>
  <Symbol appType="logic_gate_xor">  	
  	<LogicPar type="terminal_group" id="LIn" connector="^^"/>
  	<LogicExp terminal="Out_0" expression="($LIn$)"/>
  </Symbol>
  <Symbol appType="logic_trigger_rs">
  	<LogicPar type="terminal" id="LIn_0"/>
  	<LogicPar type="terminal" id="LIn_1"/>
  	<LogicPar type="property" id="odis"/>
  	<LogicPar type="property" id="hdpo"/>
  	<LogicExp terminal="Out_0" expression="RS($LIn_0$,$LIn_1$,$odis$,$hdpo$)"/>
  </Symbol>
  <Symbol appType="logic_trigger_ton">
  	<LogicPar type="terminal" id="LIn_0"/>
  	<LogicPar type="property" id="time"/>
  	<LogicExp terminal="Out_0" expression="TON($LIn_0$,$time$)"/>
  </Symbol>
  <Symbol appType="logic_trigger_toff">
  	<LogicPar type="terminal" id="LIn_0"/>
  	<LogicPar type="property" id="time"/>
  	<LogicExp terminal="Out_0" expression="TOFF($LIn_0$,$time$)"/>
  </Symbol>
  <Symbol appType="logic_trigger_mono">
  	<LogicPar type="terminal" id="LIn_0"/>
  	<LogicPar type="property" id="time"/>
  	<LogicExp terminal="Out_0" expression="MONO($LIn_0$,$time$)"/>
  </Symbol>
  <Symbol appType="logic_trigger_dwell">
  	<LogicPar type="terminal" id="LIn_0"/>
  	<LogicPar type="property" id="time"/>
  	<LogicExp terminal="Out_0" expression="DWELL($LIn_0$,$time$)"/>
  </Symbol>  
  <Symbol appType="mathematical_operator_plus">
  	<LogicPar type="terminal_group" id="LIn" connector="+"/>
  	<LogicExp terminal="Out_0" expression="($LIn$)"/>
  </Symbol>
  <Symbol appType="mathematical_operator_subtrac">
  	<LogicPar type="terminal_group" id="LIn" connector="-"/>
  	<LogicExp terminal="Out_0" expression="($LIn$)"/>
  </Symbol>
  <Symbol appType="mathematical_operator_multiply">
  	<LogicPar type="terminal_group" id="LIn" connector="*"/>
  	<LogicExp terminal="Out_0" expression="($LIn$)"/>
  </Symbol>
  <Symbol appType="mathematical_operator_divide">
  	<LogicPar type="terminal_group" id="LIn" connector="/"/>
  	<LogicExp terminal="Out_0" expression="($LIn$)"/>
  </Symbol>
  <Symbol appType="mathematical_operator_mod">
  	<LogicPar type="terminal_group" id="LIn" connector="%"/>
  	<LogicExp terminal="Out_0" expression="($LIn$)"/>
  </Symbol> 
  <Symbol appType="logic_gate_bitand">
  	<LogicPar type="terminal_group" id="LIn" connector="&amp;"/>
  	<LogicExp terminal="Out_0" expression="($LIn$)"/>
  </Symbol> 
  <Symbol appType="logic_gate_bitor">
  	<LogicPar type="terminal_group" id="LIn" connector="|"/>
  	<LogicExp terminal="Out_0" expression="($LIn$)"/>
  </Symbol> 
  <Symbol appType="mathematical_operator_bitxor">
  	<LogicPar type="terminal_group" id="LIn" connector="^"/>
  	<LogicExp terminal="Out_0" expression="($LIn$)"/>
  </Symbol>  
  <Symbol appType="mathematical_function_max">  	
  	<LogicPar type="terminal_group" id="LIn" connector=","/>
  	<LogicExp terminal="Out_0" expression="Max($LIn$)"/>
  </Symbol>
  <Symbol appType="mathematical_function_min">
  	<LogicPar type="terminal_group" id="LIn" connector=","/>
  	<LogicExp terminal="Out_0" expression="Min($LIn$)"/>
  </Symbol>
  <Symbol appType="mathematical_function_abs">
  	<LogicPar type="terminal" id="LIn_0"/>
  	<LogicExp terminal="Out_0" expression="ABS($LIn_0$)"/>
  </Symbol>
  <Symbol appType="mathematical_function_vocvt">
  	<LogicPar type="terminal" id="LIn_0"/>
  	<LogicPar type="property" id="min"/>
  	<LogicPar type="property" id="max"/>
  	<LogicPar type="property" id="hdpo"/>
  	<LogicExp terminal="Out_0" expression="CVT($LIn_0$,$min$,$max$,0,$hdpo$)"/>
  </Symbol>
  <Symbol appType="mathematical_function_aocvt">
  	<LogicPar type="terminal" id="LIn_0"/>
  	<LogicPar type="property" id="min"/>
  	<LogicPar type="property" id="max"/>
  	<LogicPar type="property" id="hdpo"/>
  	<LogicExp terminal="Out_0" expression="CVT($LIn_0$,$min$,$max$,1,$hdpo$)"/>
  </Symbol>  
  <Symbol appType="comparison_greater">
  	<LogicPar type="terminal" id="LIn_0"/>
  	<LogicPar type="terminal" id="LIn_1"/>
  	<LogicExp terminal="Out_0" expression="($LIn_0$&gt;$LIn_1$)"/>
  </Symbol>
  <Symbol appType="comparison_less">  	
  	<LogicPar type="terminal" id="LIn_0"/>
  	<LogicPar type="terminal" id="LIn_1"/>
  	<LogicExp terminal="Out_0" expression="($LIn_0$&lt;$LIn_1$)"/>
  </Symbol>
  <Symbol appType="comparison_equal">
  	<LogicPar type="terminal" id="LIn_0"/>
  	<LogicPar type="terminal" id="LIn_1"/>
  	<LogicExp terminal="Out_0" expression="($LIn_0$==$LIn_1$)"/>
  </Symbol>
  <Symbol appType="comparison_notequal">
  	<LogicPar type="terminal" id="LIn_0"/>
  	<LogicPar type="terminal" id="LIn_1"/>
  	<LogicExp terminal="Out_0" expression="($LIn_0$!=$LIn_1$)"/>
  </Symbol>
  <Symbol appType="comparison_greaterequal">
  	<LogicPar type="terminal" id="LIn_0"/>
  	<LogicPar type="terminal" id="LIn_1"/>
  	<LogicExp terminal="Out_0" expression="($LIn_0$&gt;=$LIn_1$)"/>
  </Symbol>
  <Symbol appType="comparison_lessequal">  	
  	<LogicPar type="terminal" id="LIn_0"/>
  	<LogicPar type="terminal" id="LIn_1"/>
  	<LogicExp terminal="Out_0" expression="($LIn_0$&lt;=$LIn_1$)"/>
  </Symbol>    
  <Symbol appType="condition_operator_ifelse">  	
  	<LogicPar type="terminal" id="TIn_0"/>
  	<LogicPar type="terminal" id="LIn_0"/>
  	<LogicPar type="terminal" id="LIn_1"/>
  	<LogicExp terminal="Out_0" expression="($TIn_0$?$LIn_0$:$LIn_1$)"/>
  </Symbol>  
</LogicDef>
